{"version":1,"lastPerfBoundaries":[0.001,0.002,0.004,0.006,0.008,0.01,0.015,0.02,0.03,0.05,0.07,0.1,0.15,0.25,"+Inf"],"log":[{"ts":1769866440166,"type":"svBoot","duration":3},{"ts":1769866528473,"type":"data","players":1,"fxsMemory":118.43,"nodeMemory":2.75,"perf":{"svSync":{"count":10674,"sum":0.5190000000000003,"buckets":[10669,3,2,0,0,0,0,0,0,0,0,0,0,0,0]},"svNetwork":{"count":8594,"sum":0.5710000000000004,"buckets":[8590,4,0,0,0,0,0,0,0,0,0,0,0,0,0]},"svMain":{"count":1753,"sum":0.3950000000000003,"buckets":[1740,4,3,1,3,0,0,1,1,0,0,0,0,0,0]}}}]}